{
  "project_info": {
    "project_number": "856567722987",
    "firebase_url": "https://student-bike-station.firebaseio.com",
    "project_id": "student-bike-station",
    "storage_bucket": "student-bike-station.appspot.com"
  },
  "client": [
    {
      "client_info": {
        "mobilesdk_app_id": "1:856567722987:android:f8c0743d8ad65ea9",
        "android_client_info": {
          "package_name": "com.example.studentbikestation"
        }
      },
      "oauth_client": [
        {
          "client_id": "856567722987-h2pva82ojr38hir5mo89dpjs2tnaak6e.apps.googleusercontent.com",
          "client_type": 3
        }
      ],
      "api_key": [
        {
          "current_key": "AIzaSyBqodLGfJ_fXc_cmErtutE4BK2hyOdPq6U"
        }
      ],
      "services": {
        "appinvite_service": {
          "other_platform_oauth_client": [
            {
              "client_id": "856567722987-h2pva82ojr38hir5mo89dpjs2tnaak6e.apps.googleusercontent.com",
              "client_type": 3
            }
          ]
        }
      }
    }
  ],
  "configuration_version": "1"
}